Hugh,Vanderlinden
Carmella,Hottle
Christian,Harnois
Nannie,Dukeman
Fernando,Rease
Lilia,Goehring
Tanisha,Mahabir
Lakisha,Gieseke
Jamie,Mazzoni
Hillary,Yerkes
Chandra,Degroot
Lance,Miron
Julio,Burgher
Darryl,Croll
Darryl,Demaria
Christian,Doke
Clayton,Keltz
Darryl,Mosteller
Karina,Killgore
Marylou,Duffel
Noreen,Hepner
Lorrie,Burchill
Lance,Rosamond
Odessa,Buteau
Earlene,Dacanay
Jessie,Zeh
Milagros,Hurla
Jeanie,Standish
Ted,Kroner
Julio,Degreenia
Cody,Amon
Darren,Nakayama
Amie,Domer
Marylou,Mcsherry
Cody,Slankard
Edwina,Krauth
Hugh,Mccaa
Brisson,
Clinton,Malan
Javier,Pettitt
Esmeralda,Thiry
Nita,Backlund
Gay,Shurtleff
Clayton,Raborn
Clayton,Hagopian
Tanisha,Wene
Hugh,Molinar
Clinton,Krider
Cody,Melchior
Marcie,Jefferis
Carmella,Klosterman
Darren,Tome
Clinton,Sunde
Gay,Meinecke
Tabatha,Valone
Ericka,Ebright
Kenya,Sarvis
Christian,Reineke
Darryl,Bouley
Tania,Kilday
Lesia,Dummitt
Holley,Kotey
Antione,Paulshock
Sharita,Amburgy
Pearle,Newstead
Arianna,Gubbins
Britt,Honchul
Keneth,Niemitzio
Oneida,Laubersheimer
Duvel,
Jerrell,Hudlin
Garret,Belancer
Britni,Lyew
Jenell,Norko
Shona,Mcghaney
Tonie,Edster
Consuela,Kalley
Margarite,Mullany
Janessa,Nickenberry
Michale,Mauseth
Lucius,Choen
Olympia,Penya
Jodee,Burker
Milan,Declouette
Renaldo,Grago
Von,Castera
Fausto,Beau
Gaylord,Fringuello
Dorsey,Mogollon
Lenna,Falasco
Vallie,Lobell
Merilyn,Mismit
Manda,Damphousse
Drucilla,Ashbourne
Kathaleen,Derizzio
Winford,Gudat
Jerrell,Bissel
Jesenia,Dahlstedt
Dell,Demetree
Graig,Ahnell
Rey,Micks
Marleen,Laudadio
Lynwood,Kacvinsky
Kasey,Giessinger
Gaston,Brigantino
Olympia,Donhoe
Signe,Gjelten
Conchita,Katsaounis
Carline,Ashbach
Warner,Barschdoor
Loyce,Morelen
Farah,Nozum
Jarod,Meetze
Albertina,Ashly
Lawana,Crummedyo
Emmy,Maclain
Shad,Korenek
Isreal,Gillom
Jae,Croutch
Rudolf,Macurdy
Dot,Lemoyne
Cristopher,Capellas
Kaemingk,
Buck,Budzyna
Larhonda,Colasamte
Crista,Notis
Cedrick,Kundanani
Lockery,
Arlen,Peecha
Arlen,Ancic
Michale,Beyal
Eldridge,Mozgala
Ignacia,Layva
Michale,Omullan
Jeromy,Klabunde
Drape,
Ellyn,Derenthal
Lonny,Bonjorno
Hayden,Delessio
Spring,Colpack
Milan,Kranwinkle
Boyce,Mocha
Dorsey,Foller
Marni,Gillom
Alica,Arquelles
Rueben,Heebsh
Carie,Merical
Patience,Ogasawara
Violette,Acors
Carletta,Furubotten
Von,Buscarino
Jolie,Dotstry
Hiroko,Jira
Porter,Lauby
Shad,Manheim
Denita,Beninati
Garnett,Chudzik
Alica,Mccole
Gaylord,Darrup
Elicia,Lankster
Marcellus,Incarnato
Madaline,Monnot
Arlen,Greenlow
Kasey,Canatella
Terresa,Gattie
Wally,Krenzke
Arlie,Bobrosky
Oswaldo,Hollett
Manual,Courtad
Leonarda,Larabel
Janetta,Ghaor
Alonso,Alias
Kraig,Maccarino
Jewell,Led
Graig,Hershnowitz
Lawana,Nassie
Mui,Linnert
Manda,Elkayam
Waylon,Cheyney
Felton,Loverdi
Granville,Larrosa
Gaston,Nemets
Celestina,Holznecht
Shona,Kitanik
Kayleigh,Krainbucher
Diamond,Cerao
Hiroko,Bartlette
Hobert,Mehrotra
Willian,Cummer
Palmer,Elmaghrabi
Vallie,Panah
Digna,Massetti
Mui,Olowe
Long,Mckisson
Glendora,Consoli
Franklyn,Lakowski
Cecila,Gemmel
Elicia,Geng
Waylon,Hochfelder
Hyman,Lenczyk
Man,Kihlstrom
Venice,Falknor
Sommer,Fritzpatrick
Margeret,Jurney
Hosea,Fabroquez
Belia,Goolsbee
Florencia,Ballar
Frederica,Barbaza
Suzann,Lappi
Lindsay,Driere
Shon,Bozinovich
Raina,Abrahamian
Arletta,Grosby
Benton,Mbamalu
Jewel,Gatch
Madaline,Halston
Long,Nishimori
Herb,Marrietta
Particia,Mineconzo
Santana,Brah
Pamella,Goluba
Marcellus,Chenet
Maida,Mycroft
Jospeh,Durelli
Madie,Fitzmier
Boyce,Duree
Waylon,Kausch
Jospeh,Gremler
Ciera,Elis
Sudie,Nicholason
Lucius,Armout
Michal,Gregoreski
Loyce,Noseff
Dalila,Nothacker
Malcom,Khokher
Buck,Manora
Renaldo,Fijalkowski
Denita,Kieke
Alica,Cravatta
Joslyn,Degori
Ezequiel,Logoleo
Antione,Katzmann
Estell,Jubran
Darell,Kristofferson
Kasey,Dugmore
Korey,Gilfoy
Ike,Oxborough
Len,Adalja
Shad,Bohlman
Britt,Panyko
Asuncion,Martiarena
Amina,Fusselman
Madalyn,Goldak
Shawnee,Cibulskas
Pellicone,
Wes,Casida
Shawnee,Facenda
Henriette,Buergel
Cordell,Carco
Else,Clozza
Larhonda,Melodia
Britt,Munderville
Patricia,Hazekamp
Marleen,Bankos
Conchita,Ebilane
Ha,Nulisch
Renaldo,Lurye
Lucina,Doiel
Malcom,Maddern
Jarod,Nathans
Felton,Labombar
Willian,Osden
Particia,Mahung
Lynwood,Janowiec
Nicky,Aalderink
Jospeh,Jubyna
Rueben,Joto
Brigid,Nitzkowski
Jospeh,Dugmore
Deeann,Brazzi
Leonarda,Diewold
Isreal,Benwarc
Thu,Hogenmiller
Hyman,Cohagan
Lucrecia,Deglanville
Garret,Blott
Tammara,Dardashti
Zack,Dockett
Wally,Heery
Pamelia,Fortado
Lauren,Morna
Wes,Bergamine
Jacinto,Baute
Carline,Eschenbacher
Letty,Lemmonds
Zack,Herline
Digna,Chirdon
Renaldo,Dematos
Elenora,Absalon
Shaneka,Bovain
